"","brand","location","page","year","error_brand","error_location"
"1","D,,T,7,,,,,21","67105",110,2008,0,0
"2","D,2H,,-,,,,12","67047",111,2008,0,0
"3","D,5S,6,,,,,,3","67748",114,2008,0,0
"4","D,5MI,,,,,,,2","67138",114,2008,0,0
"5","D,7X,,,,,,,,2","67855",115,2008,0,0
"6","DI,7,,,,,,,11","67439",116,2008,0,0
"7","DI,DI,,,,,,,1","66417",116,2008,0,0
"8","DI,C,,,,,,,,2","67736",116,2008,0,0
"9","DI,S,,,,,,,,1","67801",118,2008,0,0
"10","E,,D,5,,,,,,1","67867",120,2008,0,0
"11","E,2H,,J,2,,,1","66762",123,2008,0,0
"12","F,,/,,,,,,,,2","67560",126,2008,0,0
"13","F,,-,,,,,,,12","66850",126,2008,0,0
"14","F,,AR1,,,,,,1","67423",126,2008,0,0
"15","F,,AR1,,,,,,3","67837",126,2008,0,0
"16","F,2J,2,,,,,,1","66852",129,2008,0,0
"17","F,2F,1,,,,,11","67758",129,2008,0,0
"18","F,2R,,,,,,,11","67003",129,2008,0,0
"19","F,2W,,7,2,,,1","66095",130,2008,0,0
"20","G,,/,,,,,,,,4","67008",132,2008,0,0
"21","G,,=,,,,,,,,1","67749",133,2008,0,0
"22","G,,G,2,,,,,,2","67672",134,2008,0,0
"23","G,,J,,,,,,,11","67645",134,2008,0,0
"24","G,2-,,G,,,,,6","82070",136,2008,0,0
"25","G,,Y1,,,,,,,2","66546",136,2008,0,0
"26","G,7QC,,,,,,,1","67357",137,2008,0,0
"27","H,,4,,,,,,,12","66428",138,2008,0,0
"28","H,,BB6,,,,,,5","67045",139,2008,0,0
"29","H,,K,,-,,,,22","67029",142,2008,0,0
"30","H,,L,,QC,,,,1","66524",142,2008,0,0
"31","H,,QC,,,,,,21","66846",143,2008,0,0
"32","H,,T1,,,,,,,5","67127",144,2008,0,0
"33","H,,S,,,,,,,36","67861",144,2008,0,0
"34","H,5I,,,,,,,11","67068",146,2008,0,0
"35","H,5D,,,,,,,,1","67735",146,2008,0,0
"36","H,5BX2,,,,,,1","66407",146,2008,0,0
"37","H1,H1,,,,,,,1","67401",147,2008,0,0
"38","HK2I,,,,,,,,2","80014",148,2008,0,0
"39","HR5V,,,,,,,,1","66521",149,2008,0,0
"40","I,,/,,\,,,,,2","67420",150,2008,0,0
"41","I,,A,,,,,,,12","67570",151,2008,0,0
"42","I,,L,2A3,L,,1","67155",154,2008,0,0
"43","I,,S,5,,,,,,6","67837",155,2008,0,0
"44","I,,T,,-,,,,,1","67801",156,2008,0,0
"45","I,,U,1,,,,,25","67152",156,2008,0,0
"46","J,,-,,,,,,,21","66901",157,2008,0,0
"47","J,,A3,QC,,,,1","67464",159,2008,0,0
"48","J,,BB3,,,,,,1","66858",160,2008,0,0
"49","J,,BB2,,,,,14","66429",160,2008,0,0
"50","J,,F,,,,,,,11","79081",161,2008,0,0
"51","J,,H,,AR5,,,2","68960",162,2008,0,0
"52","J,,F,,S,,,,12","67021",162,2008,0,0
"53","J,,I,,,,,,,,2","67516",163,2008,0,0
"54","J,,L,,-,,,,22","67764",164,2008,0,0
"55","J,,R,,-,,,,,2","66736",166,2008,0,0
"56","J,,P,,,,,,,,2","67880",166,2008,0,0
"57","J,,S,5,,,,,,1","66871",167,2008,0,0
"58","J,,\,,J,,,,,1","66777",168,2008,0,0
"59","J,1J,2,,,,,12","66865",169,2008,0,0
"60","J,1W1,,,,,,,1","67631",170,2008,0,0
"61","J,6E,,,,,,,,2","67870",173,2008,0,0
"62","J,6T,,,,,,,,2","67544",174,2008,0,0
"63","J,6\,,,,,,,,2","67546",174,2008,0,0
"64","JW,,,,,,,,,,2","67882",177,2008,0,0
"65","J,8O,,,,,,,,1","67138",177,2008,0,0
"66","K,,5,,,,,,,24","67853",178,2008,0,0
"67","K,,A3,,,,,,,2","67744",178,2008,0,0
"68","K,,L,,,,,,,13","67560",180,2008,0,0
"69","K,2-,,,,,,,,2","66521",182,2008,0,0
"70","K,5B,5,,,,,,2","66066",183,2008,0,0
"71","K,7AR5,,,,,,1","67758",184,2008,0,0
"72","K,5Z,,,,,,,,2","67752",184,2008,0,0
"73","K1,-,,,,,,,,6","67626",184,2008,0,0
"74","K12P,,,,,,,,4","66071",185,2008,0,0
"75","K1,T,7,,,,,,1","67042",185,2008,0,0
"76","K12Z,,,,,,,,1","67738",185,2008,0,0
"77","K12F,,-,,,,,5","67152",185,2008,0,0
"78","L,,/,,,,,,,11","66783",186,2008,0,0
"79","L,,A,5,,,,,,2","67878",187,2008,0,0
"80","L,,BB3,,,,,,3","67860",188,2008,0,0
"81","L,,D,2,,,,,,1","67730",189,2008,0,0
"82","L,,L,,,,,,,,2","67601",190,2008,0,0
"83","L,,QC,,,,,,,2","67880",191,2008,0,0
"84","L,,Z,9Z,9,,,3","66017",193,2008,0,0
"85","L,2B,,,,,,,,1","66952",194,2008,0,0
"86","L,2H,,,,,,,,4","67530",195,2008,0,0
"87","L,2J,,,,,,,,1","67625",195,2008,0,0
"88","L,2QC,,,,,,12","67622",196,2008,0,0
"89","M,,5,,,,,,,22","66054",199,2008,0,0
"90","M,,-,,,,,,,61","66850",199,2008,0,0
"91","M,,7,2-,,,,11","67530",199,2008,0,0
"92","M,,B,7,,,,,,3","67475",200,2008,0,0
"93","M,,AR1AR1,,,1","67072",200,2008,0,0
"94","M,,C,,,,,,,45","66413",200,2008,0,0
"95","M,,J,6,,,,,,2","67831",202,2008,0,0
"96","M,,I,,,,,,,36","67801",202,2008,0,0
"97","M,,M,,QC,,,,1","66754",203,2008,0,0
"98","M,,L,2,,,,,12","66857",203,2008,0,0
"99","M,,O,,-,,,,12","67860",204,2008,0,0
"100","M,,QC,,,,,,22","66548",204,2008,0,0
"101","M,,R,,,,,,,72","67122",204,2008,0,0
"102","M,,\,,,,,,,22","67029",205,2008,0,0
"103","M,5O,,,,,,,21","67449",206,2008,0,0
"104","MI,-,,,,,,,11","66071",207,2008,0,0
"105","N,,/,,S,,,,,2","67355",211,2008,0,0
"106","N,,K,,-,,,,,2","66861",213,2008,0,0
"107","N,,L,,,,,,,11","67548",213,2008,0,0
"108","N,,K,,,,,,,11","66767",213,2008,0,0
"109","O,,6,5,,,,,,2","67749",215,2008,0,0
"110","O,,A,,,,,,,,1","67104",216,2008,0,0
"111","O,,D,,,,,,,22","67557",216,2008,0,0
"112","O,,T,5,,,,,,1","67584",220,2008,0,0
"113","O1,L,,O1,,,,1","67031",221,2008,0,0
"114","P,,C,2,,,,,,2","66544",222,2008,0,0
"115","P,,4,,,,,,,16","67951",222,2008,0,0
"116","P,,=,,,,,,,11","67730",222,2008,0,0
"117","P,,V,,,,,,,24","67065",224,2008,0,0
"118","P,3R,,,,,,,,1","66866",224,2008,0,0
"119","P,5QC,,,,,,12","66967",225,2008,0,0
"120","QC,Z,,,,,,,,1","67455",228,2008,0,0
"121","QC1AR,,,,,,,2","67054",230,2008,0,0
"122","QC1A2,QC,,,,2","67332",230,2008,0,0
"123","QC1C,,,,,,,16","67878",230,2008,0,0
"124","QC1H,,,,,,,12","67467",232,2008,0,0
"125","QC1J,,,,,,,11","66424",232,2008,0,0
"126","QC1H,,,,,,,11","67901",232,2008,0,0
"127","QC1H,,N,,,,,2","67879",232,2008,0,0
"128","QC1J,,N,,,,,1","67646",233,2008,0,0
"129","QC1M,,F,,,,,2","67643",234,2008,0,0
"130","QC1L,2,,,,,14","66845",234,2008,0,0
"131","QC1S,,QC1,,11","66026",236,2008,0,0
"132","QC1T,5,,,,,12","67951",237,2008,0,0
"133","R,,J,,,,,,,21","66451",240,2008,0,0
"134","R,,Z,,,,,,,,1","67483",243,2008,0,0
"135","R,,WA,,,,,,12","67447",243,2008,0,0
"136","R,,Y,7,,,,,11","67336",243,2008,0,0
"137","R,23,,,,,,,,6","67030",244,2008,0,0
"138","R,2F,,,,,,,,1","67451",244,2008,0,0
"139","R,2L,,,,,,,11","67022",245,2008,0,0
"140","R,3N,,,,,,,,2","67672",246,2008,0,0
"141","R,5I,,,,,,,,2","66436",247,2008,0,0
"142","S,,-,,S,,,,,2","67122",249,2008,0,0
"143","S,,BB2,,,,,,1","67156",251,2008,0,0
"144","S,,K,2,,,,,,2","66953",253,2008,0,0
"145","S,,P,,,,,,,15","67547",254,2008,0,0
"146","S,,S,,,,,,,42","66842",255,2008,0,0
"147","S,5-,,,,,,,,5","67758",258,2008,0,0
"148","S,5B,5,,,,,,2","67559",258,2008,0,0
"149","S,2W,,,,,,,,2","66951",258,2008,0,0
"150","S,5J,5,,,,,12","67950",259,2008,0,0
"151","S,5V,,,,,,,11","67844",260,2008,0,0
"152","SN,,,,,,,,,93","67835",261,2008,0,0
"153","T,,-,,,,,,,13","66967",262,2008,0,0
"154","T,,/,,M,,,,,4","67572",263,2008,0,0
"155","T,,A,,,,,,,,1","67487",263,2008,0,0
"156","T,,/,,T,,,,,1","67836",263,2008,0,0
"157","T,,H,,-,,,,,2","67880",265,2008,0,0
"158","T,,H,,,,,,,,1","67420",265,2008,0,0
"159","T,,H,,-,,,,11","67063",265,2008,0,0
"160","T,,CP5,,,,,,2","67137",265,2008,0,0
"161","T,,T,,QC,,,11","67880",268,2008,0,0
"162","T,,T,5,,,,,,2","66968",268,2008,0,0
"163","T,,X,,,,,,,,5","67761",269,2008,0,0
"164","T,1A,5,,,,,,4","82602",270,2008,0,0
"165","T,1A3,,,,,,,1","67951",270,2008,0,0
"166","T,7A3,,,,,,,5","67456",272,2008,0,0
"167","TR3,,,,,,,,,1","66615",277,2008,0,0
"168","TK1+,,,,,,,,1","67862",277,2008,0,0
"169","U,,I,,,,,,,11","69026",278,2008,0,0
"170","U,,L,,,,,,,24","66953",279,2008,0,0
"171","U,,T,1,,,,,16","67137",280,2008,0,0
"172","U,,T,,,,,,,12","67156",280,2008,0,0
"173","U,1K1,,,,,,,6","66401",281,2008,0,0
"174","U,1C,2,,,,,,4","67028",281,2008,0,0
"175","V,,-,,M,,,,,1","66520",282,2008,0,0
"176","V,,6,,,,,,,,2","66546",282,2008,0,0
"177","V,,7,,,,,,,,1","66868",282,2008,0,0
"178","V,,A35,,,,,,1","66411",283,2008,0,0
"179","V,,A35,,,,,,2","67450",283,2008,0,0
"180","V,,J,4,,,,,12","67017",284,2008,0,0
"181","V,,T,,,,,,,13","67208",285,2008,0,0
"182","V,5),,,,,,,,2","67701",286,2008,0,0
"183","V,5T,,,,,,,31","66066",286,2008,0,0
"184","V,5-,,A35,,12","67654",286,2008,0,0
"185","W,,I,,,,,,,22","67009",289,2008,0,0
"186","W,,J,2,,,,,,2","67070",289,2008,0,0
"187","W,,G1,,,,,,,1","67640",289,2008,0,0
"188","W,,QC1,,,,,12","66743",290,2008,0,0
"189","W,,R,,,,,,,,3","66835",290,2008,0,0
"190","W,,S,,,,,,,31","67344",291,2008,0,0
"191","W,,S,,,,,,,,2","67045",291,2008,0,0
"192","WA,7,,F,,R2,1","66221",293,2008,0,0
"193","X,,P,9,,,,,,2","67648",294,2008,0,0
"194","X,,A3,,,,,,,1","66523",294,2008,0,0
"195","\,,DI,X,,,,,2","67762",300,2008,0,0
"196","\,,H,,/,,,,,2","66801",301,2008,0,0
"197","\,,I,,/,,C,,5","67851",301,2008,0,0
"198","\,,W,9\,,\,,1","66857",303,2008,0,0
"199","],,-,,,,,,,,5","67645",304,2008,0,0
"200","],,R,,,,,,,12","67732",304,2008,0,0
"201","~,,M,,QC,,,,1","67361",306,2008,0,0
"202","~1,E,,,,,,,,5","67871",307,2008,0,0
"203","~1,K,7,,,,,,2","67501",307,2008,0,0
"204","~5,T,,,,,,,11","67070",309,2008,0,0
"205","(,,/,,E,,,,,1","66769",1,2014,0,0
"206","(,,R,8U,,,,,3","66801",2,2014,0,0
"207","(,,K,,,,,,,,2","67352",2,2014,0,0
"208","(,,S,5,,,,,,2","67659",2,2014,0,0
"209","(,,L,,,,,,,,2","67738",2,2014,0,0
"210","),,-,,(,,,,,2","67127",3,2014,0,0
"211","*,,H,,,,,,,,1","67951",4,2014,0,0
"212","+,,3,,,,,,,,2","67026",4,2014,0,0
"213","+,,K,7,,,,,,2","67663",6,2014,0,0
"214","+,,S,,,,,,,36","67846",6,2014,0,0
"215","-,,/,,,,,,,16","30030",8,2014,0,0
"216","-,,AR1,,,,,13","67758",10,2014,0,0
"217","-,,BX2,,,,,14","66834",11,2014,0,0
"218","-,,B,,-,,,,23","67059",11,2014,0,0
"219","-,,C,,,,,,,15","67152",12,2014,0,0
"220","-,,C,,W,,,,,1","67356",12,2014,0,0
"221","-,,D,,,,,,,22","74331",13,2014,0,0
"222","-,,H1,,,,,,11","67861",15,2014,0,0
"223","-,,J,7,,,,,,1","67950",18,2014,0,0
"224","-,,O1,C,,,,,1","66871",22,2014,0,0
"225","-,,R,,B,,,,,2","66968",23,2014,0,0
"226","-,,S,6J,,,,,2","66839",24,2014,0,0
"227","-,,S,5QC,,,,1","66508",24,2014,0,0
"228","-,,S,,QC,,,11","79068",24,2014,0,0
"229","-,,S,2QC,,,,1","67484",24,2014,0,0
"230","/,,AR9S,,,,,5","57601",29,2014,0,0
"231","/,,7,,,,,,,,2","67622",29,2014,0,0
"232","/,,E,,,,,,,12","67841",30,2014,0,0
"233","2,,B,7,,,,,13","66869",34,2014,0,0
"234","3,,2,,-,,,,,1","67747",35,2014,0,0
"235","3,,-,,J,,,,13","67878",35,2014,0,0
"236","3,,C,,,,,,,21","66743",35,2014,0,0
"237","3,,H,,,,,,,,1","67661",36,2014,0,0
"238","4,,BB6,,,,,,2","67530",37,2014,0,0
"239","4,,S,5,,,,,12","67671",39,2014,0,0
"240","4,,R,,-,,,,12","67663",39,2014,0,0
"241","7,,-,,7,,,,,1","66441",41,2014,0,0
"242","7,,-,,J,,,,,3","67744",41,2014,0,0
"243","7,,AR1,,,,,12","67801",42,2014,0,0
"244","7,,6,,QC,,,,5","67854",42,2014,0,0
"245","7,,C,2,,,,,,1","67841",43,2014,0,0
"246","7,,J,,R,,,,,6","66076",45,2014,0,0
"247","7,,W,,7,2/,,1","81047",47,2014,0,0
"248","7,,\,,\,,,,,1","67654",48,2014,0,0
"249","7,2D,,,,,,,,2","74017",48,2014,0,0
"250","7,56,5,,,,,,1","67038",49,2014,0,0
"251","7,6-,,,,,,,,2","67068",50,2014,0,0
"252","9,,F,,J,2,,,1","67547",50,2014,0,0
"253","9,,B,,,,,,,12","67701",50,2014,0,0
"254","9,,N,,,,,,,,1","68327",51,2014,0,0
"255","A,,L,,H,,R,,1","67337",54,2014,0,0
"256","A,,QC,,,,,,,6","67658",55,2014,0,0
"257","A,5J,,,,,,,,1","67601",55,2014,0,0
"258","A2,A2,,,,,,,6","66955",56,2014,0,0
"259","A3,B,,-,,,,,2","66434",58,2014,0,0
"260","A3,B,,,,,,,,6","67058",58,2014,0,0
"261","A3,B,,,,,,,12","67743",58,2014,0,0
"262","A3,D,5,,,,,,5","67672",59,2014,0,0
"263","A3,E,,-,,,,11","67871",59,2014,0,0
"264","A3,G,,-,,,,,1","66441",60,2014,0,0
"265","A3,I,,,,,,,13","67733",60,2014,0,0
"266","A3,F,,,,,,,22","66512",60,2014,0,0
"267","A3,J,2,,,,,32","67138",61,2014,0,0
"268","A3,M,,,,,,,12","67835",62,2014,0,0
"269","A3,O,,,,,,,,3","67954",62,2014,0,0
"270","A3,N,,,,,,,15","67861",62,2014,0,0
"271","A3,QC,,,,,,,2","67460",63,2014,0,0
"272","A3,P,5,,,,,11","66078",63,2014,0,0
"273","A3,U,5,,,,,,1","67560",64,2014,0,0
"274","A35O,,,,,,,,2","67764",66,2014,0,0
"275","A35\,,,,,,,,1","66436",66,2014,0,0
"276","AR5QC,,,,,,11","67950",69,2014,0,0
"277","B,,3,,,,,,,,2","67473",70,2014,0,0
"278","B,,=,,,,,,,12","66401",71,2014,0,0
"279","B,,=,,,,,,,,1","66956",71,2014,0,0
"280","B,2-,,,,,,,21","67523",73,2014,0,0
"281","B,2W,,,,,,,26","66224",75,2014,0,0
"282","B,2V,,,,,,,11","67072",75,2014,0,0
"283","BB,F,,,,,,,11","67864",77,2014,0,0
"284","BB1T,,,,,,,21","67801",79,2014,0,0
"285","BB4I,,I,,,,,2","67879",80,2014,0,0
"286","BX1L,,,,,,,,1","67420",83,2014,0,0
"287","BX2I,,-,,,,,1","67347",84,2014,0,0
"288","C,,3,,,,,,,,1","67654",86,2014,0,0
"289","C,,-,,J,,,,,1","67867",86,2014,0,0
"290","C,,/,,J,,,,,1","66071",86,2014,0,0
"291","C,,D,5,,,,,,1","66097",89,2014,0,0
"292","C,,J,,,,,,1O6","67074",90,2014,0,0
"293","C,,P,,,,,,,51","67867",92,2014,0,0
"294","C,,QC1,,,,,13","67003",92,2014,0,0
"295","C,,R,,,,,,,71","99928",92,2014,0,0
"296","C,,W,,,,,,,26","67156",93,2014,0,0
"297","C,2-,,,,,,,15","67861",94,2014,0,0
"298","C,2+,,K1,,,,2","67871",94,2014,0,0
"299","C,2-,,,,,,,26","67642",94,2014,0,0
"300","C,2H,,,,,,,22","67951",95,2014,0,0
"301","D,,-,,,,,,,13","67736",98,2014,0,0
"302","D,,C,,QC,,,12","66952",99,2014,0,0
"303","D,,I,,,,,,,,2","66403",100,2014,0,0
"304","D,,S,,,,,,,11","67654",102,2014,0,0
"305","D,,X,,,,,,,,4","67730",103,2014,0,0
"306","D,,\,,,,,,,21","66413",103,2014,0,0
"307","D,2D,2,,,,,,2","67664",104,2014,0,0
"308","DI,H,,,,,,,,1","67576",109,2014,0,0
"309","DI,D,,,,,,,,2","67880",109,2014,0,0
"310","DI,J,,,,,,,,2","91605",110,2014,0,0
"311","E,,P,,,,,,,,2","66733",113,2014,0,0
"312","E,2K,,,,,,,,1","67042",115,2014,0,0
"313","F,,QC,,,,,,,2","67156",119,2014,0,0
"314","F,2W,,7,2,,,1","66095",121,2014,0,0
"315","F,2X,,,,,,,,1","67474",121,2014,0,0
"316","F,2K,,,,,,,11","66801",121,2014,0,0
"317","G,,-,,,,,,,21","67646",123,2014,0,0
"318","G,,F,,,,,,,21","66510",125,2014,0,0
"319","G,,J,,,,,,,11","67645",125,2014,0,0
"320","G,,QC1,,,,,,6","66968",126,2014,0,0
"321","G,,QC1,,,,,,2","67878",126,2014,0,0
"322","H,,-,,,,,,,,6","67739",128,2014,0,0
"323","H,,H,,,,,,,42","67672",131,2014,0,0
"324","H,,H,5,,,,,11","67474",132,2014,0,0
"325","H,,M,,,,,,,41","67631",133,2014,0,0
"326","H,,K,,-,,,,21","67663",133,2014,0,0
"327","H,,N,,,,,,,11","66777",134,2014,0,0
"328","H,,S,5,,,,,12","67653",135,2014,0,0
"329","HR,+,,,,,,,12","67846",138,2014,0,0
"330","HK,-,,QC,,,,6","67481",138,2014,0,0
"331","HR7S,7,,,,,,1","67749",139,2014,0,0
"332","I,,3,,,,,,,,6","67623",140,2014,0,0
"333","I,,-,,,,,,,33","67862",140,2014,0,0
"334","I,,D,,,,,,,,2","67880",142,2014,0,0
"335","I,,H,,,,,,,,3","67645",142,2014,0,0
"336","I,,I,,I,,,,,1","67124",143,2014,0,0
"337","I,,J,,I,,,,,2","67127",143,2014,0,0
"338","I,,LI,,,,,,,1","67439",143,2014,0,0
"339","J,,3,,,,,,,,1","73112",147,2014,0,0
"340","J,,7,,,,,,,,6","67860",147,2014,0,0
"341","J,,-,,QC,,,,2","66736",147,2014,0,0
"342","J,,D,,,,,,,,5","66030",149,2014,0,0
"343","J,,F,,QC1,,,2","66006",150,2014,0,0
"344","J,,R,,,,,,,,2","67635",155,2014,0,0
"345","J,,R,,AR3,,,1","67855",155,2014,0,0
"346","J,,W1,J,4,,,1","66507",156,2014,0,0
"347","J,1R,,,,,,,,5","67059",158,2014,0,0
"348","J,1J,4,,,,,11","67455",158,2014,0,0
"349","J,2J,6,,,,,11","67601",159,2014,0,0
"350","J,56,,,,,,,,1","67761",160,2014,0,0
"351","J,4W,5,,,,,,2","67159",160,2014,0,0
"352","J,4I,,,,,,,,1","67701",160,2014,0,0
"353","J,6QC1,,,,,,4","66520",162,2014,0,0
"354","J,7S,5,,,,,,2","67560",164,2014,0,0
"355","J,8S,,,,,,,,2","67876",165,2014,0,0
"356","K,,C,,QC,,,,2","67474",166,2014,0,0
"357","K,,QC1,,,,,11","66540",168,2014,0,0
"358","K,,M,,QC,,,14","67003",168,2014,0,0
"359","K,,\,,\,,,,,1","67643",169,2014,0,0
"360","K,2D,2,,,,,,2","67867",170,2014,0,0
"361","K1,F,,QC,,,,1","67632",172,2014,0,0
"362","L,,),,,,,,,,2","67481",173,2014,0,0
"363","L,,/,,D,,,,11","66755",174,2014,0,0
"364","L,,7,,,,,,,,3","66540",174,2014,0,0
"365","L,,7,2,,,,,,1","67738",175,2014,0,0
"366","L,,J,,,,,,,,2","67045",177,2014,0,0
"367","L,2H,,,,,,,,2","66550",182,2014,0,0
"368","L,2M,,MI1,,,2","66938",182,2014,0,0
"369","L,2K,,L,,,,,2","66521",182,2014,0,0
"370","L,2K,,-,,,,11","67335",182,2014,0,0
"371","L,2I,,,,,,,,2","67730",182,2014,0,0
"372","L,2K,,L,,,,,1","67857",182,2014,0,0
"373","LI,AR1,,,,,,2","67752",185,2014,0,0
"374","M,,-,,,,,,,11","67109",185,2014,0,0
"375","M,,-,,,,,,,21","66523",185,2014,0,0
"376","LI,W,,LI,,,,2","67008",185,2014,0,0
"377","M,,F,,,,,,,11","66054",188,2014,0,0
"378","M,,HR,,,,,,,1","67758",189,2014,0,0
"379","M,,N,,,,,,,21","66025",190,2014,0,0
"380","M,,QC,S,,,,,5","66956",191,2014,0,0
"381","M,,R,,O,,,,,1","67029",191,2014,0,0
"382","M,,V,5,,,,,,2","66507",192,2014,0,0
"383","M,52,,,,,,,,2","67109",192,2014,0,0
"384","M,,V,,,,,,,41","67661",192,2014,0,0
"385","M,,V,,R,,,,12","66614",192,2014,0,0
"386","M,,\,,,,,,,32","66833",192,2014,0,0
"387","M,,X,,,,,,,,5","67801",192,2014,0,0
"388","MI,I,,,,,,,,1","67490",194,2014,0,0
"389","M1,S,,,,,,,,1","67663",194,2014,0,0
"390","M1,Y,7,,,,,,1","67564",194,2014,0,0
"391","MI1M,,-,,,,,1","67735",195,2014,0,0
"392","MI1W,,,,,,,,3","67422",196,2014,0,0
"393","MI2S,,,,,,,,2","67410",197,2014,0,0
"394","MI2J,,,,,,,,2","67749",197,2014,0,0
"395","N,,AR,,,,,,11","66868",198,2014,0,0
"396","N,,F,,,,,,,15","67878",198,2014,0,0
"397","N,,MI,,,,,,,1","67122",199,2014,0,0
"398","N,,QC,,,,,,,5","67862",199,2014,0,0
"399","O,,7,,W1,7,25","67801",202,2014,0,0
"400","O,,J,2-,,,,,1","67057",204,2014,0,0
"401","O,,QC,,,,,,16","67752",205,2014,0,0
"402","O,,Y,,,,,,,12","67730",206,2014,0,0
"403","O,,W,,,,,,,21","66801",206,2014,0,0
"404","O1,S,5,,,,,,1","67546",207,2014,0,0
"405","O1,V,,,,,,,,4","67747",207,2014,0,0
"406","P,,D,,\,,,,,1","67131",208,2014,0,0
"407","P,,\,,,,,,,,1","66507",210,2014,0,0
"408","QC,/,,,,,,,,1","67063",211,2014,0,0
"409","QC,I,,S,,,,,1","67601",212,2014,0,0
"410","QC,S,6,,,,,,5","69030",213,2014,0,0
"411","QC,T,,,,,,,,1","67659",213,2014,0,0
"412","QC1I,,O,,,,16","67547",217,2014,0,0
"413","QC1I,,,,,,,15","67844",217,2014,0,0
"414","QC1H,,H,,,,12","67345",217,2014,0,0
"415","QC1J,1,,,,,,1","66942",218,2014,0,0
"416","QC1Y,7,,,,,,1","67756",222,2014,0,0
"417","R,,B,,,,,,,,1","66549",223,2014,0,0
"418","R,,L,,QC,,,11","67104",225,2014,0,0
"419","R,,O,,QC,,,,1","67056",226,2014,0,0
"420","R,,QC,,,,,,46","67862",226,2014,0,0
"421","R,,W,,,,,,,41","66735",227,2014,0,0
"422","R,2I,,,,,,,,1","67849",229,2014,0,0
"423","R,5X,,,,,,,12","66208",231,2014,0,0
"424","R,5H,,,,,,,,1","66777",231,2014,0,0
"425","R,7T,7,,,,,,2","67209",232,2014,0,0
"426","S,,CR1,,,,,,6","67658",235,2014,0,0
"427","S,,J,,+,,,,,1","67879",237,2014,0,0
"428","S,,MI1,,,,,,1","67879",238,2014,0,0
"429","S,2-,,,,,,,11","67420",240,2014,0,0
"430","S,52,,,,,,,,1","67049",242,2014,0,0
"431","S,5E,,,,,,,,1","67762",242,2014,0,0
"432","S,5\,,,,,,,,3","67056",244,2014,0,0
"433","T,,-,,,,,,,16","67457",246,2014,0,0
"434","T,,H,,,,,,,,1","67420",248,2014,0,0
"435","T,,L,,M,,,,,3","66451",249,2014,0,0
"436","T,,L,2,,,,,,2","67664",249,2014,0,0
"437","T,,QC,,,,,,15","67439",250,2014,0,0
"438","T,,O,,,,,,,21","67070",250,2014,0,0
"439","T,,MI1,,,,,,1","67659",250,2014,0,0
"440","T,,W,,,,,,,45","67862",252,2014,0,0
"441","T,,W,,,,,,,21","67349",252,2014,0,0
"442","T,,~6,,,,,,,1","66441",253,2014,0,0
"443","T,17,,B,,,,,1","67865",253,2014,0,0
"444","T,1-,,,,,,,15","67057",253,2014,0,0
"445","T,57,,,,,,,,2","67132",254,2014,0,0
"446","T,5C,,,,,,,,3","67104",254,2014,0,0
"447","T,7-,,,,,,,13","22180",255,2014,0,0
"448","T,77,2,,,,,,4","66439",255,2014,0,0
"449","T1,-,,P,,,,,4","67152",256,2014,0,0
"450","T1,/,,,,,,,,2","67444",256,2014,0,0
"451","T,7T,7,,,,,,5","67844",256,2014,0,0
"452","T1,F,,,,,,,22","67578",257,2014,0,0
"453","T1,QC,,,,,,21","66945",258,2014,0,0
"454","T12,,,,,,,,,2","67054",258,2014,0,0
"455","T1,S,,-,,,,,2","66524",258,2014,0,0
"456","TA7I,,,,,,,,6","67653",260,2014,0,0
"457","TA5K1,,,,,,,1","66072",260,2014,0,0
"458","U,,-,,,,,,,23","67420",261,2014,0,0
"459","U,1E,5,,,,,,1","67647",263,2014,0,0
"460","U,1DI,,,,,,,2","67002",263,2014,0,0
"461","U,1U,,,,,,,,2","67473",264,2014,0,0
"462","V,,7,2QC,,,,1","67446",265,2014,0,0
"463","V,,A3,,,,,,,1","67124",265,2014,0,0
"464","V,,BB,,,,,,,3","67878",265,2014,0,0
"465","V,,P,,W,,,,,2","66857",266,2014,0,0
"466","W,,-,,7,,,,,2","80802",269,2014,0,0
"467","W,,T,,C,,,,,1","74137",272,2014,0,0
"468","W,,W,5,,,,,21","66531",272,2014,0,0
"469","W,,S,,,,,,,35","66967",272,2014,0,0
"470","W,,S,,,,,,,51","66901",272,2014,0,0
"471","X,,-,,,,,,,12","66006",274,2014,0,0
"472","X,,-,,-,,,,,2","67756",274,2014,0,0
"473","Z,,L,,,,,,,11","67867",278,2014,0,0
"474","Z,,Z,,,,,,,25","67831",279,2014,0,0
"475","\,,B,,\,,,,11","66936",280,2014,0,0
"476","\,,S,,,,,,,42","67346",283,2014,0,0
"477","~,,D,,R,,,,,1","67455",285,2014,0,0
"478","~,,K,,,,,,,23","66436",286,2014,0,0
"479","~,,U,,,,,,,16","67744",286,2014,0,0
"480","~1,B,7,,,,,,2","67138",287,2014,0,0
"481","~1,S,5,,,,,22","67301",287,2014,0,0
"482","~5,T,,,,,,,,3","67646",289,2014,0,0
"483","+,,-,,,,,,,16","67109",4,2015,0,0
"484","*,,-,,M,,,,,1","67417",4,2015,0,0
"485","+,,QC1,,,,,16","67026",6,2015,0,0
"486","+,,W,,,,,,,41","67417",7,2015,0,0
"487","-,,A,,,,,,,14","67801",9,2015,0,0
"488","-,,A35,,,,,11","66614",10,2015,0,0
"489","-,,A3,BX1,,11","67951",10,2015,0,0
"490","-,,B,,,,,,,22","67491",10,2015,0,0
"491","-,,D,,-,,,,21","66801",13,2015,0,0
"492","-,,D,,-,,,,,2","67756",13,2015,0,0
"493","-,,D,,-,,,,46","67029",13,2015,0,0
"494","-,,D,,V,,,,13","80021",13,2015,0,0
"495","-,,F,1,,,,,11","67744",14,2015,0,0
"496","-,,K,,,,,,,,4","67206",18,2015,0,0
"497","-,,L,,,,,,,35","67865",19,2015,0,0
"498","-,,L,2X,,L,,1","67058",20,2015,0,0
"499","-,,N,,-,,,,33","67738",21,2015,0,0
"500","-,,O,,-,,,,44","67042",22,2015,0,0
